compound,driver_number,lap_end,lap_start,meeting_key,session_key,stint_number,tyre_age_at_start,lap_end_duration,fastest_lap_duration
SOFT,22,10.0,1.0,1141,7953,1,0.0,103.749,99.95
SOFT,11,17.0,1.0,1141,7953,1,3.0,101.36,98.404
SOFT,1,14.0,1.0,1141,7953,1,3.0,101.295,97.974
HARD,22,26.0,11.0,1141,7953,2,0.0,102.227,98.742
SOFT,1,36.0,15.0,1141,7953,2,2.0,100.964,97.372
SOFT,11,34.0,18.0,1141,7953,2,2.0,100.686,97.169
HARD,22,40.0,27.0,1141,7953,3,0.0,110.35,97.779
HARD,11,57.0,35.0,1141,7953,3,0.0,96.558,96.344
HARD,1,57.0,37.0,1141,7953,3,0.0,96.373,96.236
SOFT,22,57.0,41.0,1141,7953,4,3.0,98.246,96.637
MEDIUM,1,18.0,1.0,1142,7779,1,0.0,134.348,93.79
MEDIUM,11,18.0,1.0,1142,7779,1,0.0,127.357,93.961
MEDIUM,22,17.0,1.0,1142,7779,1,0.0,102.41,95.616
HARD,22,50.0,18.0,1142,7779,2,0.0,93.931,93.931
HARD,11,50.0,19.0,1142,7779,2,0.0,93.691,92.188
HARD,1,50.0,19.0,1142,7779,2,0.0,91.906,91.906
MEDIUM,1,8.0,1.0,1143,7787,1,0.0,1080.581,82.843
MEDIUM,22,8.0,1.0,1143,7787,1,0.0,1088.144,84.11
MEDIUM,11,2.0,1.0,1143,7787,2,0.0,131.789,131.789
HARD,11,8.0,2.0,1143,7787,3,0.0,1103.263,83.584
HARD,1,55.0,8.0,1143,7787,2,0.0,168.5,80.342
HARD,22,54.0,8.0,1143,7787,2,0.0,123.458,81.789
HARD,11,55.0,8.0,1143,7787,4,1.0,1011.29,80.235
SOFT,22,55.0,54.0,1143,7787,3,0.0,958.961,123.458
SOFT,1,57.0,56.0,1143,7787,3,3.0,179.625,179.625
SOFT,11,57.0,55.0,1143,7787,5,0.0,1994.312,215.812
SOFT,22,57.0,55.0,1143,7787,4,4.0,2002.289,192.156
SOFT,1,58.0,58.0,1143,7787,4,5.0,2014.652,2014.652
SOFT,11,58.0,57.0,1143,7787,6,0.0,163.325,163.325
SOFT,22,58.0,57.0,1143,7787,5,8.0,156.971,156.971
MEDIUM,11,11.0,1.0,1207,9070,1,0.0,142.994,106.448
MEDIUM,1,10.0,1.0,1207,9070,1,0.0,110.778,106.801
MEDIUM,22,8.0,1.0,1207,9070,1,0.0,112.849,108.228
HARD,22,51.0,9.0,1207,9070,2,0.0,105.727,105.727
HARD,1,51.0,11.0,1207,9070,2,0.0,104.232,104.232
HARD,11,51.0,12.0,1207,9070,2,0.0,104.926,104.589
MEDIUM,11,20.0,1.0,1208,9078,1,0.0,97.863,91.916
HARD,1,45.0,1.0,1208,9078,1,0.0,95.856,90.988
HARD,22,36.0,1.0,1208,9078,1,0.0,97.007,92.276
HARD,11,57.0,21.0,1208,9078,2,0.0,90.56,90.56
MEDIUM,22,57.0,37.0,1208,9078,2,0.0,91.325,91.038
MEDIUM,1,57.0,46.0,1208,9078,2,0.0,90.273,89.708
MEDIUM,11,1.0,1.0,1210,9094,1,0.0,118.53,118.53
MEDIUM,22,53.0,1.0,1210,9094,1,0.0,125.687,77.68
MEDIUM,1,55.0,1.0,1210,9094,1,0.0,130.567,76.604
HARD,11,34.0,1.0,1210,9094,2,0.0,106.451,76.269
MEDIUM,11,53.0,34.0,1210,9094,3,1.0,115.544,76.353
INTERMEDIATE,22,76.0,53.0,1210,9094,2,0.0,94.205,87.332
INTERMEDIATE,11,57.0,53.0,1210,9094,4,0.0,125.839,100.446
INTERMEDIATE,1,78.0,55.0,1210,9094,2,0.0,85.201,85.201
WET,11,70.0,57.0,1210,9094,5,0.0,118.066,95.708
INTERMEDIATE,11,76.0,70.0,1210,9094,6,0.0,90.273,85.704
MEDIUM,11,27.0,1.0,1211,9102,1,0.0,85.177,80.256
MEDIUM,1,26.0,1.0,1211,9102,1,0.0,83.843,79.869
SOFT,22,10.0,1.0,1211,9102,1,0.0,84.958,81.03
HARD,22,34.0,11.0,1211,9102,2,0.0,84.505,79.767
HARD,1,52.0,27.0,1211,9102,2,0.0,82.849,78.707
HARD,11,50.0,28.0,1211,9102,2,0.0,83.039,78.645
MEDIUM,22,66.0,35.0,1211,9102,3,0.0,79.167,78.904
SOFT,11,66.0,51.0,1211,9102,3,0.0,80.063,76.666
SOFT,1,66.0,53.0,1211,9102,3,2.0,77.708,76.33
MEDIUM,22,1.0,1.0,1212,9110,1,0.0,109.625,109.625
MEDIUM,1,12.0,1.0,1212,9110,1,0.0,93.192,77.203
HARD,22,2.0,1.0,1212,9110,2,0.0,82.407,82.407
HARD,22,70.0,3.0,1212,9110,3,0.0,76.957,76.666
HARD,1,42.0,12.0,1212,9110,2,0.0,93.273,76.607
MEDIUM,1,70.0,42.0,1212,9110,3,0.0,76.237,75.594
INTERMEDIATE,1,24.0,1.0,1213,9117,1,0.0,76.025,74.292
INTERMEDIATE,22,18.0,1.0,1213,9117,1,0.0,80.225,76.674
SOFT,22,24.0,19.0,1213,9117,2,3.0,72.291,71.363
MEDIUM,22,1.0,1.0,1213,9118,1,0.0,106.718,106.718
MEDIUM,1,2.0,1.0,1213,9118,1,0.0,115.479,77.969
HARD,22,2.0,2.0,1213,9118,2,0.0,122.36,122.36
MEDIUM,1,24.0,3.0,1213,9118,2,0.0,73.519,69.691
HARD,22,23.0,3.0,1213,9118,3,1.0,75.745,71.534
HARD,22,43.0,24.0,1213,9118,4,0.0,76.722,70.08
HARD,1,49.0,25.0,1213,9118,3,0.0,73.176,68.929
MEDIUM,22,70.0,44.0,1213,9118,5,0.0,70.372,69.62
MEDIUM,1,69.0,50.0,1213,9118,4,0.0,72.228,68.15
SOFT,1,71.0,70.0,1213,9118,5,3.0,67.012,67.012
SOFT,22,14.0,1.0,1214,9126,1,0.0,94.769,94.085
MEDIUM,1,33.0,1.0,1214,9126,1,0.0,118.611,92.138
HARD,22,32.0,15.0,1214,9126,2,0.0,107.079,92.952
SOFT,22,52.0,33.0,1214,9126,3,0.0,92.78,92.084
SOFT,1,52.0,34.0,1214,9126,2,3.0,90.975,90.275
MEDIUM,1,23.0,1.0,1215,9133,1,3.0,87.151,84.012
HARD,11,24.0,1.0,1215,9133,1,3.0,87.442,84.52
MEDIUM,3,18.0,1.0,1215,9133,1,3.0,88.95,85.233
SOFT,22,9.0,1.0,1215,9133,1,0.0,88.862,85.674
HARD,22,44.0,10.0,1215,9133,2,3.0,89.888,84.738
HARD,3,29.0,19.0,1215,9133,2,3.0,88.347,84.86
HARD,1,51.0,24.0,1215,9133,2,0.0,86.21,83.023
MEDIUM,11,42.0,25.0,1215,9133,2,6.0,87.335,83.086
MEDIUM,3,69.0,30.0,1215,9133,3,3.0,87.273,83.934
MEDIUM,11,70.0,43.0,1215,9133,3,3.0,83.533,82.295
MEDIUM,22,69.0,45.0,1215,9133,3,0.0,85.2,83.269
MEDIUM,1,70.0,52.0,1215,9133,3,3.0,82.234,80.504
SOFT,1,14.0,1.0,1216,9141,1,0.0,117.166,111.88
SOFT,11,13.0,1.0,1216,9141,1,0.0,117.632,112.153
MEDIUM,22,9.0,1.0,1216,9141,1,0.0,118.292,113.679
SOFT,3,5.0,1.0,1216,9141,1,0.0,119.336,114.815
MEDIUM,3,22.0,6.0,1216,9141,2,0.0,125.575,112.398
MEDIUM,22,24.0,10.0,1216,9141,2,0.0,117.947,112.246
MEDIUM,11,29.0,14.0,1216,9141,2,0.0,116.724,111.416
MEDIUM,1,30.0,15.0,1216,9141,2,0.0,115.882,110.108
MEDIUM,3,44.0,23.0,1216,9141,3,0.0,112.265,110.994
SOFT,22,44.0,25.0,1216,9141,3,0.0,112.469,111.394
SOFT,11,44.0,30.0,1216,9141,3,0.0,111.508,110.308
SOFT,1,44.0,31.0,1216,9141,3,0.0,110.579,108.922
SOFT,22,1.0,1.0,1217,9149,1,0.0,107.327,107.327
SOFT,1,2.0,1.0,1217,9149,1,0.0,109.972,91.968
SOFT,11,1.0,1.0,1217,9149,1,0.0,100.124,100.124
INTERMEDIATE,11,12.0,2.0,1217,9149,2,0.0,88.439,84.1
INTERMEDIATE,22,10.0,2.0,1217,9149,2,5.0,90.464,84.82
INTERMEDIATE,1,11.0,3.0,1217,9149,2,0.0,87.017,82.116
SOFT,22,60.0,11.0,1217,9149,3,0.0,85.858,76.253
SOFT,1,49.0,12.0,1217,9149,3,0.0,78.531,75.071
SOFT,11,45.0,13.0,1217,9149,3,0.0,78.655,75.377
SOFT,11,60.0,46.0,1217,9149,4,1.0,78.349,74.231
SOFT,1,61.0,50.0,1217,9149,4,1.0,84.682,73.889
INTERMEDIATE,11,63.0,61.0,1217,9149,5,6.0,110.512,83.125
INTERMEDIATE,22,63.0,61.0,1217,9149,4,5.0,132.676,85.53
INTERMEDIATE,1,63.0,62.0,1217,9149,5,12.0,92.568,92.568
WET,1,64.0,64.0,1217,9149,6,0.0,145.016,145.016
INTERMEDIATE,11,64.0,64.0,1217,9149,6,6.0,2562.49,2562.49
INTERMEDIATE,22,64.0,64.0,1217,9149,5,5.0,2520.564,2520.564
INTERMEDIATE,1,72.0,65.0,1217,9149,7,4.0,80.915,80.865
INTERMEDIATE,11,72.0,65.0,1217,9149,7,7.0,81.699,81.666
INTERMEDIATE,22,72.0,65.0,1217,9149,6,6.0,83.883,83.101
MEDIUM,1,20.0,1.0,1218,9157,1,0.0,90.849,85.702
MEDIUM,11,21.0,1.0,1218,9157,1,0.0,90.934,86.019
HARD,1,51.0,21.0,1218,9157,2,0.0,87.525,85.24
HARD,11,51.0,22.0,1218,9157,2,0.0,85.903,85.522
HARD,11,39.0,1.0,1219,9165,1,0.0,113.087,100.205
HARD,1,40.0,1.0,1219,9165,1,0.0,108.808,100.033
MEDIUM,11,62.0,40.0,1219,9165,2,0.0,98.189,97.108
MEDIUM,1,62.0,41.0,1219,9165,2,0.0,98.197,96.575
SOFT,22,9.0,1.0,1220,9173,1,3.0,102.396,99.941
MEDIUM,11,2.0,1.0,1220,9173,1,0.0,161.609,131.202
MEDIUM,1,16.0,1.0,1220,9173,1,0.0,101.172,96.748
HARD,11,12.0,3.0,1220,9173,2,0.0,121.045,99.704
MEDIUM,22,30.0,10.0,1220,9173,2,0.0,102.697,98.737
SOFT,11,13.0,13.0,1220,9173,3,3.0,208.286,208.286
MEDIUM,1,37.0,17.0,1220,9173,2,0.0,100.264,97.344
HARD,22,52.0,31.0,1220,9173,3,0.0,99.1,97.768
HARD,1,53.0,38.0,1220,9173,3,0.0,96.3,94.183
SOFT,11,14.0,14.0,1220,9173,4,3.0,2588.523,2588.523
SOFT,11,15.0,15.0,1220,9173,5,6.0,132.535,132.535
MEDIUM,1,17.0,1.0,1221,9221,1,3.0,92.205,87.875
HARD,11,17.0,1.0,1221,9221,1,0.0,92.575,88.533
MEDIUM,22,9.0,1.0,1221,9221,1,0.0,95.106,90.681
MEDIUM,22,22.0,10.0,1221,9221,2,0.0,93.639,89.532
MEDIUM,1,34.0,18.0,1221,9221,2,3.0,90.996,86.622
MEDIUM,11,31.0,18.0,1221,9221,2,6.0,92.015,87.412
HARD,22,40.0,23.0,1221,9221,3,0.0,92.204,88.403
MEDIUM,11,43.0,32.0,1221,9221,3,0.0,90.947,86.735
HARD,1,51.0,35.0,1221,9221,3,0.0,90.719,85.475
HARD,22,56.0,41.0,1221,9221,4,0.0,90.782,87.174
MEDIUM,11,57.0,44.0,1221,9221,4,0.0,87.183,86.22
MEDIUM,1,57.0,52.0,1221,9221,4,0.0,85.803,84.319
MEDIUM,3,22.0,1.0,1222,9213,1,0.0,104.235,103.117
MEDIUM,1,16.0,1.0,1222,9213,1,0.0,102.571,102.151
MEDIUM,22,17.0,1.0,1222,9213,1,0.0,103.535,103.007
MEDIUM,11,17.0,1.0,1222,9213,1,0.0,103.567,102.175
MEDIUM,1,35.0,17.0,1222,9213,2,0.0,101.777,100.809
MEDIUM,11,37.0,18.0,1222,9213,2,0.0,101.956,101.164
HARD,22,34.0,18.0,1222,9213,2,0.0,102.676,101.942
HARD,3,47.0,23.0,1222,9213,2,0.0,103.929,102.351
MEDIUM,22,54.0,35.0,1222,9213,3,0.0,101.299,100.562
HARD,1,56.0,36.0,1222,9213,3,0.0,100.337,100.028
HARD,11,56.0,38.0,1222,9213,3,0.0,101.059,99.737
SOFT,3,55.0,48.0,1222,9213,3,0.0,102.458,99.366
SOFT,22,56.0,55.0,1222,9213,4,0.0,98.139,98.139
MEDIUM,22,9.0,1.0,1223,9181,1,0.0,88.908,84.03
MEDIUM,11,1.0,1.0,1223,9181,1,0.0,103.812,103.812
MEDIUM,1,19.0,1.0,1223,9181,1,0.0,86.825,83.218
MEDIUM,3,27.0,1.0,1223,9181,1,0.0,87.032,83.426
HARD,22,34.0,10.0,1223,9181,2,0.0,137.507,82.501
HARD,1,33.0,20.0,1223,9181,2,0.0,95.664,82.224
HARD,3,34.0,28.0,1223,9181,2,0.0,140.911,83.571
HARD,1,34.0,34.0,1223,9181,3,0.0,175.039,175.039
HARD,1,71.0,35.0,1223,9181,4,1.0,82.85,81.644
HARD,3,71.0,35.0,1223,9181,3,7.0,85.314,82.679
HARD,22,71.0,35.0,1223,9181,3,0.0,86.054,82.828
SOFT,3,1.0,1.0,1224,9205,1,0.0,149.715,149.715
SOFT,11,1.0,1.0,1224,9205,1,3.0,133.45,133.45
SOFT,1,1.0,1.0,1224,9205,1,3.0,120.184,120.184
SOFT,22,1.0,1.0,1224,9205,1,3.0,140.293,140.293
SOFT,1,2.0,2.0,1224,9205,2,0.0,143.356,143.356
SOFT,11,2.0,2.0,1224,9205,2,0.0,144.049,144.049
SOFT,22,2.0,2.0,1224,9205,2,4.0,144.126,144.126
SOFT,1,27.0,3.0,1224,9205,3,3.0,80.264,75.547
SOFT,11,20.0,3.0,1224,9205,3,3.0,80.985,76.294
SOFT,22,26.0,3.0,1224,9205,3,0.0,80.763,76.656
SOFT,3,2.0,2.0,1224,9205,2,3.0,1679.112,1679.112
SOFT,3,26.0,3.0,1224,9205,3,4.0,80.591,76.401
MEDIUM,11,46.0,21.0,1224,9205,4,0.0,80.234,75.463
MEDIUM,22,55.0,27.0,1224,9205,4,0.0,79.809,75.599
MEDIUM,1,56.0,28.0,1224,9205,4,0.0,79.309,74.682
MEDIUM,3,55.0,27.0,1224,9205,4,0.0,79.237,75.407
SOFT,11,71.0,47.0,1224,9205,5,3.0,75.939,74.124
SOFT,22,71.0,56.0,1224,9205,5,0.0,75.131,74.231
SOFT,1,71.0,57.0,1224,9205,5,0.0,73.935,73.422
SOFT,3,70.0,56.0,1224,9205,5,0.0,74.326,73.866
MEDIUM,11,1.0,1.0,1225,9189,1,0.0,125.201,125.201
MEDIUM,1,16.0,1.0,1225,9189,1,0.0,104.727,98.759
SOFT,22,10.0,1.0,1225,9189,1,0.0,108.267,101.561
MEDIUM,3,17.0,1.0,1225,9189,1,0.0,106.533,100.286
HARD,11,26.0,2.0,1225,9189,2,0.0,112.819,97.969
MEDIUM,22,21.0,11.0,1225,9189,2,0.0,108.249,99.865
HARD,1,26.0,17.0,1225,9189,2,0.0,113.326,97.88
HARD,3,50.0,18.0,1225,9189,2,0.0,97.108,97.108
HARD,22,46.0,22.0,1225,9189,3,0.0,97.906,97.587
HARD,11,50.0,27.0,1225,9189,3,0.0,96.394,95.939
HARD,1,50.0,27.0,1225,9189,3,0.0,97.637,95.614
MEDIUM,11,17.0,1.0,1226,9197,1,0.0,93.256,90.469
MEDIUM,22,22.0,1.0,1226,9197,1,0.0,92.567,90.674
MEDIUM,3,7.0,1.0,1226,9197,1,0.0,93.072,91.064
MEDIUM,1,16.0,1.0,1226,9197,1,0.0,92.558,90.267
HARD,3,31.0,8.0,1226,9197,2,0.0,92.484,89.815
HARD,1,43.0,17.0,1226,9197,2,0.0,91.391,88.849
HARD,11,42.0,18.0,1226,9197,2,0.0,90.958,88.909
HARD,22,58.0,23.0,1226,9197,2,0.0,90.38,89.256
HARD,3,58.0,32.0,1226,9197,3,0.0,89.02,88.571
HARD,11,58.0,43.0,1226,9197,3,0.0,87.948,87.493
HARD,1,58.0,44.0,1226,9197,3,0.0,88.545,86.993
SOFT,1,17.0,1.0,1229,9472,1,3.0,99.896,96.296
SOFT,3,13.0,1.0,1229,9472,1,3.0,102.173,98.61
SOFT,22,14.0,1.0,1229,9472,1,0.0,101.138,98.31
SOFT,11,12.0,1.0,1229,9472,1,3.0,100.277,96.541
HARD,11,36.0,13.0,1229,9472,2,0.0,99.365,95.606
HARD,3,35.0,14.0,1229,9472,2,0.0,100.595,97.07
HARD,22,34.0,15.0,1229,9472,2,0.0,100.835,97.359
HARD,1,37.0,18.0,1229,9472,2,0.0,99.234,95.16
HARD,22,56.0,35.0,1229,9472,3,0.0,97.473,95.833
SOFT,3,56.0,36.0,1229,9472,3,0.0,97.662,95.163
SOFT,11,57.0,37.0,1229,9472,3,0.0,95.746,94.364
SOFT,1,57.0,38.0,1229,9472,3,0.0,94.923,92.608
MEDIUM,22,7.0,1.0,1230,9480,1,0.0,130.914,95.378
MEDIUM,11,7.0,1.0,1230,9480,1,0.0,124.615,93.842
MEDIUM,3,7.0,1.0,1230,9480,1,0.0,132.474,95.699
MEDIUM,1,7.0,1.0,1230,9480,1,0.0,122.919,93.676
HARD,1,50.0,8.0,1230,9480,2,0.0,91.773,91.773
HARD,11,50.0,8.0,1230,9480,2,0.0,92.831,92.273
HARD,22,49.0,8.0,1230,9480,2,0.0,93.56,93.523
HARD,3,49.0,8.0,1230,9480,2,0.0,95.536,93.323
MEDIUM,11,14.0,1.0,1231,9488,1,0.0,98.693,82.68
MEDIUM,22,9.0,1.0,1231,9488,1,0.0,98.21,82.864
SOFT,3,5.0,1.0,1231,9488,1,0.0,98.806,83.84
MEDIUM,1,3.0,1.0,1231,9488,1,0.0,83.115,83.115
HARD,3,29.0,5.0,1231,9488,2,0.0,97.341,82.83
HARD,22,36.0,9.0,1231,9488,2,0.0,97.156,82.673
HARD,11,35.0,14.0,1231,9488,2,0.0,99.44,81.495
HARD,3,57.0,29.0,1231,9488,3,0.0,113.984,81.239
HARD,11,58.0,35.0,1231,9488,3,0.0,121.742,80.388
HARD,22,58.0,36.0,1231,9488,3,0.0,114.042,81.134
MEDIUM,1,1.0,1.0,1232,9496,1,0.0,131.236,131.236
MEDIUM,22,1.0,1.0,1232,9496,1,0.0,167.931,167.931
MEDIUM,11,1.0,1.0,1232,9496,1,0.0,133.193,133.193
MEDIUM,1,16.0,2.0,1232,9496,2,1.0,100.272,96.437
MEDIUM,11,15.0,2.0,1232,9496,2,1.0,100.906,96.568
SOFT,22,7.0,2.0,1232,9496,2,0.0,100.998,98.887
HARD,22,22.0,8.0,1232,9496,3,0.0,101.916,97.17
MEDIUM,11,33.0,16.0,1232,9496,3,0.0,99.409,96.206
MEDIUM,1,34.0,17.0,1232,9496,3,0.0,99.226,95.617
HARD,22,52.0,23.0,1232,9496,4,0.0,98.195,96.342
HARD,11,53.0,34.0,1232,9496,4,0.0,94.728,93.945
HARD,1,53.0,35.0,1232,9496,4,0.0,95.263,93.706
MEDIUM,1,13.0,1.0,1233,9673,1,0.0,106.526,100.103
MEDIUM,11,13.0,1.0,1233,9673,1,0.0,106.866,100.881
SOFT,22,8.0,1.0,1233,9673,1,0.0,108.43,103.095
MEDIUM,22,23.0,9.0,1233,9673,2,0.0,137.702,101.593
HARD,1,23.0,14.0,1233,9673,2,0.0,137.938,99.519
HARD,11,23.0,14.0,1233,9673,2,0.0,137.492,100.038
HARD,1,56.0,24.0,1233,9673,3,0.0,100.253,98.406
HARD,11,56.0,24.0,1233,9673,3,0.0,100.65,99.388
HARD,22,26.0,24.0,1233,9673,3,0.0,143.71,114.27
MEDIUM,1,23.0,1.0,1234,9507,1,0.0,111.938,92.53
MEDIUM,22,28.0,1.0,1234,9507,1,0.0,107.67,93.08
MEDIUM,11,17.0,1.0,1234,9507,1,0.0,98.985,93.147
HARD,3,28.0,1.0,1234,9507,1,0.0,113.429,93.215
HARD,11,28.0,18.0,1234,9507,2,0.0,107.036,92.161
HARD,1,57.0,24.0,1234,9507,2,0.0,91.699,91.261
MEDIUM,11,57.0,29.0,1234,9507,3,5.0,91.223,90.855
HARD,22,57.0,29.0,1234,9507,2,0.0,91.957,91.682
MEDIUM,3,57.0,29.0,1234,9507,2,5.0,92.122,92.122
MEDIUM,3,11.0,1.0,1235,9515,1,0.0,87.088,82.083
HARD,11,37.0,1.0,1235,9515,1,0.0,88.056,81.682
MEDIUM,1,24.0,1.0,1235,9515,1,0.0,86.212,80.543
HARD,3,62.0,12.0,1235,9515,2,0.0,83.435,81.569
HARD,1,63.0,25.0,1235,9515,2,0.0,81.035,80.366
MEDIUM,11,63.0,38.0,1235,9515,2,0.0,80.944,79.686
MEDIUM,1,52.0,1.0,1236,9523,2,0.0,93.905,78.074
HARD,3,76.0,1.0,1236,9523,2,1.0,78.93,77.172
HARD,1,78.0,52.0,1236,9523,3,0.0,76.248,74.569
INTERMEDIATE,11,25.0,1.0,1237,9531,1,0.0,136.416,86.184
INTERMEDIATE,1,25.0,1.0,1237,9531,1,0.0,113.896,86.001
INTERMEDIATE,3,26.0,1.0,1237,9531,1,0.0,133.16,85.962
INTERMEDIATE,1,45.0,25.0,1237,9531,2,0.0,100.612,84.079
INTERMEDIATE,11,43.0,25.0,1237,9531,2,0.0,102.006,85.233
INTERMEDIATE,3,43.0,26.0,1237,9531,2,0.0,101.557,85.748
MEDIUM,11,51.0,43.0,1237,9531,3,0.0,78.819,78.819
MEDIUM,3,70.0,43.0,1237,9531,3,1.0,77.709,77.076
MEDIUM,1,70.0,45.0,1237,9531,3,0.0,75.569,75.569
SOFT,3,16.0,1.0,1238,9539,1,0.0,86.262,81.77
SOFT,1,17.0,1.0,1238,9539,1,3.0,84.876,79.364
SOFT,11,13.0,1.0,1238,9539,1,3.0,85.586,81.481
SOFT,11,31.0,14.0,1238,9539,2,3.0,85.42,80.162
MEDIUM,3,42.0,17.0,1238,9539,2,0.0,84.891,80.849
MEDIUM,1,44.0,18.0,1238,9539,2,0.0,83.427,79.363
MEDIUM,11,49.0,32.0,1238,9539,3,0.0,83.203,78.652
HARD,3,65.0,43.0,1238,9539,3,0.0,79.527,79.45
SOFT,1,66.0,45.0,1238,9539,3,0.0,79.774,77.776
SOFT,11,66.0,50.0,1238,9539,4,3.0,79.151,77.785
MEDIUM,11,21.0,1.0,1239,9550,1,0.0,76.283,70.621
MEDIUM,1,23.0,1.0,1239,9550,1,0.0,74.679,69.857
MEDIUM,22,21.0,1.0,1239,9550,1,0.0,76.247,71.316
MEDIUM,3,10.0,1.0,1239,9550,1,0.0,74.904,71.032
HARD,3,37.0,11.0,1239,9550,2,0.0,75.305,71.27
HARD,11,51.0,22.0,1239,9550,2,0.0,76.263,70.492
HARD,22,44.0,22.0,1239,9550,2,0.0,75.062,71.011
HARD,1,51.0,24.0,1239,9550,2,0.0,73.86,69.451
HARD,3,71.0,38.0,1239,9550,3,0.0,71.38,70.426
HARD,22,70.0,45.0,1239,9550,3,0.0,71.09,70.318
MEDIUM,1,64.0,52.0,1239,9550,3,3.0,98.003,68.623
MEDIUM,11,71.0,52.0,1239,9550,3,5.0,71.978,69.694
SOFT,1,71.0,65.0,1239,9550,4,0.0,68.518,67.719
MEDIUM,3,26.0,1.0,1240,9558,1,0.0,104.813,92.721
MEDIUM,22,27.0,1.0,1240,9558,1,0.0,108.126,92.57
MEDIUM,1,26.0,1.0,1240,9558,1,0.0,101.491,91.661
HARD,11,19.0,1.0,1240,9558,1,0.0,101.868,92.111
INTERMEDIATE,11,28.0,20.0,1240,9558,2,0.0,105.224,101.997
INTERMEDIATE,1,38.0,27.0,1240,9558,2,0.0,95.963,95.963
INTERMEDIATE,3,37.0,27.0,1240,9558,2,0.0,100.483,100.483
INTERMEDIATE,22,38.0,28.0,1240,9558,2,0.0,98.67,98.67
INTERMEDIATE,11,37.0,29.0,1240,9558,3,0.0,99.697,99.697
SOFT,3,51.0,38.0,1240,9558,3,0.0,94.814,90.735
HARD,1,52.0,39.0,1240,9558,3,0.0,89.089,88.952
MEDIUM,11,47.0,38.0,1240,9558,4,0.0,90.795,90.136
SOFT,22,52.0,39.0,1240,9558,3,0.0,92.09,90.229
SOFT,11,50.0,48.0,1240,9558,5,0.0,89.707,89.707
MEDIUM,1,21.0,1.0,1241,9566,1,0.0,87.027,83.979
MEDIUM,22,29.0,1.0,1241,9566,1,0.0,88.185,84.541
MEDIUM,3,7.0,1.0,1241,9566,1,0.0,86.3,85.717
HARD,11,28.0,1.0,1241,9566,1,0.0,88.128,84.197
HARD,3,28.0,8.0,1241,9566,2,0.0,88.132,84.708
HARD,1,49.0,22.0,1241,9566,2,0.0,86.468,82.655
MEDIUM,11,47.0,29.0,1241,9566,2,0.0,85.878,82.197
HARD,3,69.0,29.0,1241,9566,3,0.0,88.092,82.64
HARD,22,70.0,30.0,1241,9566,2,0.0,84.741,83.533
MEDIUM,11,70.0,48.0,1241,9566,3,0.0,83.447,81.096
MEDIUM,1,70.0,50.0,1241,9566,3,0.0,83.253,80.908
MEDIUM,22,15.0,1.0,1242,9574,1,0.0,116.408,110.858
MEDIUM,1,10.0,1.0,1242,9574,1,0.0,114.655,109.828
SOFT,3,8.0,1.0,1242,9574,1,0.0,115.595,110.314
MEDIUM,11,11.0,1.0,1242,9574,1,0.0,114.844,109.637
MEDIUM,3,21.0,9.0,1242,9574,2,0.0,114.387,109.471
HARD,1,28.0,11.0,1242,9574,2,0.0,112.026,107.431
MEDIUM,11,21.0,12.0,1242,9574,2,0.0,114.682,108.305
HARD,22,44.0,16.0,1242,9574,2,1.0,107.969,107.969
HARD,11,42.0,22.0,1242,9574,3,0.0,112.866,107.223
HARD,3,44.0,22.0,1242,9574,3,1.0,107.675,107.435
MEDIUM,1,44.0,29.0,1242,9574,3,0.0,106.899,106.128
SOFT,11,44.0,43.0,1242,9574,4,0.0,104.701,104.701
MEDIUM,1,27.0,1.0,1243,9582,1,0.0,79.89,75.946
SOFT,22,14.0,1.0,1243,9582,1,0.0,81.182,76.551
MEDIUM,3,29.0,1.0,1243,9582,1,0.0,81.621,77.076
MEDIUM,11,29.0,1.0,1243,9582,1,0.0,80.183,76.361
MEDIUM,22,32.0,15.0,1243,9582,2,0.0,79.729,75.552
HARD,1,72.0,28.0,1243,9582,2,0.0,75.889,74.752
HARD,11,72.0,30.0,1243,9582,2,0.0,74.956,74.587
HARD,3,71.0,30.0,1243,9582,2,0.0,76.216,75.222
HARD,22,71.0,33.0,1243,9582,3,0.0,76.39,75.561
HARD,22,7.0,1.0,1244,9590,1,1.0,100.319,86.198
HARD,11,23.0,1.0,1244,9590,1,0.0,89.869,84.654
HARD,1,22.0,1.0,1244,9590,1,0.0,89.668,84.918
HARD,1,41.0,23.0,1244,9590,2,0.0,88.738,83.424
HARD,11,35.0,24.0,1244,9590,2,0.0,88.255,83.473
MEDIUM,11,53.0,36.0,1244,9590,3,0.0,84.511,82.971
MEDIUM,1,53.0,42.0,1244,9590,3,0.0,83.711,81.745
MEDIUM,22,12.0,1.0,1245,9598,1,1.0,121.304,110.887
MEDIUM,11,13.0,1.0,1245,9598,1,0.0,113.398,107.826
MEDIUM,1,12.0,1.0,1245,9598,1,0.0,114.511,108.448
HARD,1,49.0,13.0,1245,9598,2,0.0,112.022,106.798
HARD,22,14.0,13.0,1245,9598,2,1.0,125.9,125.9
HARD,11,49.0,14.0,1245,9598,2,0.0,108.45,107.013
SOFT,1,51.0,50.0,1245,9598,3,3.0,153.336,153.336
MEDIUM,22,33.0,1.0,1246,9606,1,0.0,107.942,98.861
MEDIUM,11,28.0,1.0,1246,9606,1,0.0,107.385,98.357
MEDIUM,1,29.0,1.0,1246,9606,1,0.0,107.873,97.593
HARD,11,61.0,29.0,1246,9606,2,0.0,98.274,97.477
HARD,1,62.0,30.0,1246,9606,2,0.0,96.931,95.967
SOFT,22,61.0,34.0,1246,9606,2,0.0,98.95,96.393
MEDIUM,22,18.0,1.0,1247,9617,1,0.0,102.676,100.953
MEDIUM,11,26.0,1.0,1247,9617,1,0.0,100.789,100.115
MEDIUM,1,25.0,1.0,1247,9617,1,0.0,100.718,99.731
HARD,30,36.0,1.0,1247,9617,1,0.0,101.342,100.235
HARD,22,55.0,19.0,1247,9617,2,0.0,99.379,99.193
HARD,1,56.0,26.0,1247,9617,2,0.0,99.018,98.117
HARD,11,56.0,27.0,1247,9617,2,0.0,99.57,98.514
MEDIUM,30,56.0,37.0,1247,9617,2,0.0,99.273,98.091
HARD,30,39.0,1.0,1248,9625,1,0.0,86.308,82.693
MEDIUM,1,26.0,1.0,1248,9625,1,0.0,85.562,81.442
HARD,1,71.0,27.0,1248,9625,2,0.0,81.57,80.872
MEDIUM,30,65.0,40.0,1248,9625,2,0.0,91.102,81.302
SOFT,30,70.0,66.0,1248,9625,3,0.0,85.016,79.502
INTERMEDIATE,30,28.0,1.0,1249,9636,1,0.0,113.045,84.034
INTERMEDIATE,1,32.0,1.0,1249,9636,1,0.0,158.629,83.43
INTERMEDIATE,22,28.0,1.0,1249,9636,1,3.0,117.034,84.163
WET,22,32.0,29.0,1249,9636,2,0.0,163.084,114.797
WET,30,32.0,29.0,1249,9636,2,0.0,158.789,112.061
INTERMEDIATE,1,69.0,33.0,1249,9636,2,0.0,81.322,80.472
INTERMEDIATE,22,69.0,33.0,1249,9636,3,3.0,81.828,81.828
INTERMEDIATE,30,69.0,33.0,1249,9636,3,3.0,82.533,82.123
MEDIUM,1,11.0,1.0,1250,9644,1,0.0,104.351,98.472
MEDIUM,22,10.0,1.0,1250,9644,1,0.0,105.973,99.071
MEDIUM,30,11.0,1.0,1250,9644,1,0.0,106.707,99.404
HARD,22,29.0,11.0,1250,9644,2,0.0,104.582,98.177
HARD,1,27.0,12.0,1250,9644,2,0.0,103.108,97.524
HARD,30,38.0,12.0,1250,9644,2,1.0,105.262,98.737
HARD,1,50.0,28.0,1250,9644,3,0.0,97.21,96.248
HARD,22,50.0,30.0,1250,9644,3,1.0,98.064,96.957
HARD,30,50.0,39.0,1250,9644,3,1.0,97.519,96.98
MEDIUM,22,35.0,1.0,1251,9655,1,0.0,121.862,86.33
MEDIUM,30,35.0,1.0,1251,9655,1,0.0,123.205,86.194
MEDIUM,1,35.0,1.0,1251,9655,1,0.0,92.307,84.35
HARD,1,36.0,36.0,1251,9655,2,0.0,169.155,169.155
HARD,22,36.0,36.0,1251,9655,2,0.0,143.242,143.242
HARD,30,36.0,36.0,1251,9655,2,0.0,159.436,159.436
HARD,1,37.0,37.0,1251,9655,3,1.0,168.652,168.652
HARD,22,37.0,37.0,1251,9655,3,1.0,118.996,118.996
HARD,30,37.0,37.0,1251,9655,3,1.0,115.739,115.739
HARD,1,57.0,38.0,1251,9655,4,0.0,83.776,82.905
HARD,22,40.0,38.0,1251,9655,4,2.0,119.241,119.241
HARD,30,40.0,38.0,1251,9655,4,0.0,120.647,120.647
SOFT,22,57.0,41.0,1251,9655,5,0.0,87.125,86.144
SOFT,30,57.0,41.0,1251,9655,5,0.0,86.522,86.076
MEDIUM,30,23.0,1.0,1252,9662,1,0.0,94.497,89.738
MEDIUM,1,29.0,1.0,1252,9662,1,0.0,91.857,89.412
MEDIUM,22,22.0,1.0,1252,9662,1,0.0,92.597,90.115
HARD,22,57.0,23.0,1252,9662,2,0.0,89.531,89.2
HARD,30,24.0,24.0,1252,9662,2,0.0,116.467,116.467
HARD,30,29.0,25.0,1252,9662,3,1.0,92.322,89.585
HARD,1,58.0,30.0,1252,9662,2,0.0,88.78,87.765
HARD,30,55.0,30.0,1252,9662,4,6.0,89.184,88.751
INTERMEDIATE,22,2.0,1.0,1254,9693,1,0.0,168.219,130.964
INTERMEDIATE,1,2.0,1.0,1254,9693,1,0.0,169.322,119.704
INTERMEDIATE,30,2.0,1.0,1254,9693,3,0.0,169.299,149.147
INTERMEDIATE,1,3.0,2.0,1254,9693,2,2.0,162.145,162.145
INTERMEDIATE,22,3.0,2.0,1254,9693,2,2.0,162.92,162.92
INTERMEDIATE,30,3.0,2.0,1254,9693,4,2.0,165.341,165.341
INTERMEDIATE,1,4.0,3.0,1254,9693,3,0.0,155.775,155.775
INTERMEDIATE,22,4.0,3.0,1254,9693,3,0.0,155.195,155.195
INTERMEDIATE,30,4.0,3.0,1254,9693,5,3.0,160.393,160.393
INTERMEDIATE,1,34.0,4.0,1254,9693,4,0.0,128.598,88.046
INTERMEDIATE,22,33.0,4.0,1254,9693,4,0.0,110.651,90.031
INTERMEDIATE,30,33.0,4.0,1254,9693,6,0.0,128.342,90.803
MEDIUM,22,47.0,33.0,1254,9693,5,0.0,153.312,84.194
MEDIUM,30,46.0,33.0,1254,9693,7,0.0,99.457,82.97
MEDIUM,1,46.0,34.0,1254,9693,5,0.0,112.606,83.081
INTERMEDIATE,1,57.0,46.0,1254,9693,6,0.0,87.4,87.4
INTERMEDIATE,22,57.0,47.0,1254,9693,6,0.0,91.511,91.511
MEDIUM,22,11.0,1.0,1255,9998,1,0.0,103.845,98.748
MEDIUM,1,13.0,1.0,1255,9998,1,0.0,102.61,98.302
MEDIUM,6,12.0,1.0,1255,9998,1,0.0,103.647,98.746
HARD,22,35.0,12.0,1255,9998,2,0.0,102.522,97.646
HARD,6,33.0,13.0,1255,9998,2,0.0,102.744,97.675
HARD,1,56.0,14.0,1255,9998,2,0.0,95.488,95.488
HARD,6,56.0,34.0,1255,9998,3,0.0,97.695,95.868
HARD,22,46.0,36.0,1255,9998,3,0.0,106.754,96.499
MEDIUM,22,55.0,47.0,1255,9998,4,6.0,97.3,95.871
MEDIUM,6,25.0,1.0,1256,10006,1,0.0,96.218,93.637
MEDIUM,1,21.0,1.0,1256,10006,1,0.0,95.22,93.064
MEDIUM,22,23.0,1.0,1256,10006,1,0.0,96.396,94.02
HARD,1,53.0,22.0,1256,10006,2,0.0,91.548,91.041
HARD,22,53.0,24.0,1256,10006,2,0.0,92.088,91.871
HARD,6,53.0,26.0,1256,10006,2,0.0,91.5,91.317
SOFT,22,11.0,1.0,1257,10014,1,3.0,102.023,98.565
SOFT,6,6.0,1.0,1257,10014,1,0.0,102.366,99.603
SOFT,1,10.0,1.0,1257,10014,1,3.0,103.293,98.403
MEDIUM,6,28.0,7.0,1257,10014,2,0.0,102.076,97.392
HARD,1,26.0,11.0,1257,10014,2,0.0,102.488,97.204
MEDIUM,22,32.0,12.0,1257,10014,2,0.0,123.721,98.009
MEDIUM,1,57.0,27.0,1257,10014,3,0.0,97.662,96.167
HARD,6,57.0,29.0,1257,10014,3,0.0,98.496,96.952
SOFT,22,57.0,33.0,1257,10014,3,0.0,98.861,97.225
MEDIUM,22,1.0,1.0,1258,10022,1,0.0,166.056,166.056
MEDIUM,1,21.0,1.0,1258,10022,1,0.0,96.5,93.511
HARD,6,34.0,1.0,1258,10022,1,0.0,96.999,94.092
HARD,1,50.0,22.0,1258,10022,2,0.0,92.453,92.28
MEDIUM,6,50.0,35.0,1258,10022,2,0.0,93.624,93.257
MEDIUM,1,32.0,1.0,1259,10033,1,24.0,91.781,91.025
MEDIUM,22,32.0,1.0,1259,10033,1,24.0,93.002,91.531
HARD,6,57.0,24.0,1259,10033,2,1.0,91.313,90.971
HARD,22,57.0,33.0,1259,10033,2,5.0,91.051,90.964
HARD,1,57.0,33.0,1259,10033,2,6.0,90.986,90.466
MEDIUM,30,10.0,1.0,1260,9987,1,0.0,86.2,81.798
MEDIUM,1,29.0,1.0,1260,9987,1,0.0,92.728,80.856
MEDIUM,6,29.0,1.0,1260,9987,1,0.0,106.215,81.233
HARD,30,29.0,11.0,1260,9987,2,0.0,115.803,81.245
HARD,1,46.0,30.0,1260,9987,2,0.0,94.977,79.513
HARD,6,46.0,30.0,1260,9987,2,0.0,114.69,80.295
HARD,1,63.0,47.0,1260,9987,3,0.0,78.589,77.988
HARD,6,63.0,47.0,1260,9987,3,0.0,80.601,79.473
HARD,30,63.0,30.0,1260,9987,3,0.0,80.949,80.473
MEDIUM,6,13.0,1.0,1261,9979,1,0.0,77.088,77.088
SOFT,6,18.0,14.0,1261,9979,2,3.0,76.372,75.981
HARD,1,27.0,1.0,1261,9979,1,0.0,76.323,75.035
MEDIUM,30,30.0,1.0,1261,9979,1,6.0,76.607,76.607
SOFT,30,39.0,31.0,1261,9979,2,3.0,75.8,75.8
MEDIUM,1,76.0,28.0,1261,9979,2,0.0,76.468,74.23
SOFT,1,78.0,77.0,1261,9979,3,3.0,77.77,77.77
HARD,6,77.0,19.0,1261,9979,3,1.0,76.798,76.044
HARD,30,77.0,40.0,1261,9979,3,1.0,76.63,75.321
SOFT,1,13.0,1.0,1262,9971,1,3.0,86.03,80.083
SOFT,30,18.0,1.0,1262,9971,1,0.0,87.446,81.967
SOFT,6,19.0,1.0,1262,9971,1,3.0,86.307,81.647
SOFT,1,29.0,14.0,1262,9971,2,0.0,84.509,79.45
MEDIUM,30,44.0,19.0,1262,9971,2,0.0,84.71,80.771
MEDIUM,1,47.0,30.0,1262,9971,3,0.0,83.558,78.216
MEDIUM,6,48.0,20.0,1262,9971,2,0.0,84.323,80.651
SOFT,1,55.0,48.0,1262,9971,4,3.0,94.644,77.141
SOFT,6,55.0,49.0,1262,9971,3,0.0,110.63,79.595
HARD,1,66.0,56.0,1262,9971,5,0.0,78.081,77.019
SOFT,6,66.0,56.0,1262,9971,4,3.0,78.961,77.77
SOFT,30,66.0,45.0,1262,9971,3,0.0,80.015,79.424
MEDIUM,1,11.0,1.0,1263,9963,1,3.0,76.991,75.901
MEDIUM,6,12.0,1.0,1263,9963,1,0.0,79.153,77.198
HARD,1,36.0,12.0,1263,9963,2,0.0,76.123,75.464
HARD,30,37.0,1.0,1263,9963,1,1.0,78.193,77.352
MEDIUM,30,53.0,38.0,1263,9963,2,0.0,77.891,76.32
HARD,1,66.0,37.0,1263,9963,3,0.0,74.394,74.287
HARD,6,65.0,13.0,1263,9963,2,1.0,77.538,76.292
HARD,1,67.0,67.0,1263,9963,4,0.0,103.478,103.478
SOFT,6,66.0,66.0,1263,9963,3,3.0,121.476,121.476
HARD,1,68.0,68.0,1263,9963,5,0.0,125.276,125.276
SOFT,6,67.0,67.0,1263,9963,4,0.0,115.651,115.651
HARD,1,70.0,69.0,1263,9963,6,32.0,126.683,123.745
SOFT,6,69.0,68.0,1263,9963,5,0.0,117.112,102.898
SOFT,6,2.0,1.0,1264,9955,1,0.0,102.317,102.317
MEDIUM,22,18.0,1.0,1264,9955,1,0.0,75.031,70.949
MEDIUM,6,28.0,3.0,1264,9955,2,0.0,74.834,70.974
HARD,22,30.0,19.0,1264,9955,2,0.0,79.039,70.539
MEDIUM,30,32.0,1.0,1264,9955,1,0.0,75.289,70.941
MEDIUM,22,60.0,31.0,1264,9955,3,0.0,74.033,70.015
SOFT,22,68.0,61.0,1264,9955,4,0.0,69.806,69.802
HARD,6,69.0,29.0,1264,9955,3,0.0,71.119,70.204
HARD,30,70.0,33.0,1264,9955,2,0.0,71.058,69.977
INTERMEDIATE,30,1.0,1.0,1265,9939,1,0.0,198.805,198.805
INTERMEDIATE,6,1.0,1.0,1265,9939,1,0.0,197.274,197.274
INTERMEDIATE,22,1.0,1.0,1265,9939,1,0.0,196.04,196.04
MEDIUM,6,13.0,2.0,1265,9939,2,0.0,125.678,121.255
MEDIUM,22,13.0,2.0,1265,9939,2,0.0,127.153,120.831
MEDIUM,30,12.0,2.0,1265,9939,2,0.0,127.696,121.212
HARD,6,43.0,14.0,1265,9939,3,3.0,107.667,107.667
MEDIUM,30,44.0,13.0,1265,9939,3,0.0,107.142,106.649
MEDIUM,22,44.0,14.0,1265,9939,3,0.0,108.375,107.241
MEDIUM,22,20.0,1.0,1266,9928,1,0.0,88.115,83.424
MEDIUM,6,33.0,1.0,1266,9928,1,0.0,85.543,83.116
SOFT,22,37.0,21.0,1266,9928,2,0.0,85.309,81.331
MEDIUM,30,40.0,1.0,1266,9928,1,0.0,85.076,82.279
HARD,6,69.0,34.0,1266,9928,2,0.0,81.624,80.802
HARD,22,69.0,38.0,1266,9928,3,0.0,83.201,81.18
HARD,30,70.0,41.0,1266,9928,2,0.0,81.44,80.457
MEDIUM,30,23.0,1.0,1267,9920,1,0.0,96.821,76.153
MEDIUM,6,23.0,1.0,1267,9920,1,0.0,92.01,75.539
SOFT,1,23.0,1.0,1267,9920,1,0.0,90.929,75.648
SOFT,22,19.0,1.0,1267,9920,1,0.0,80.019,76.636
HARD,22,53.0,20.0,1267,9920,2,0.0,103.703,75.319
HARD,6,53.0,24.0,1267,9920,2,0.0,88.722,74.533
MEDIUM,1,53.0,24.0,1267,9920,2,0.0,87.371,74.741
HARD,30,27.0,24.0,1267,9920,2,0.0,124.543,96.652
SOFT,30,52.0,28.0,1267,9920,3,3.0,102.655,75.37
SOFT,1,72.0,54.0,1267,9920,3,0.0,73.377,72.921
SOFT,6,72.0,54.0,1267,9920,3,2.0,73.547,73.327
SOFT,30,72.0,53.0,1267,9920,4,3.0,74.24,73.879
SOFT,22,72.0,54.0,1267,9920,3,3.0,75.088,74.354
SOFT,30,9.0,1.0,1268,9912,1,0.0,88.824,84.656
MEDIUM,22,19.0,1.0,1268,9912,1,0.0,88.943,84.35
HARD,6,32.0,1.0,1268,9912,1,1.0,88.342,83.389
MEDIUM,1,37.0,1.0,1268,9912,1,0.0,87.432,82.651
HARD,1,53.0,38.0,1268,9912,2,0.0,81.1,81.003
MEDIUM,6,53.0,33.0,1268,9912,2,0.0,82.536,82.133
HARD,22,53.0,20.0,1268,9912,2,0.0,83.125,82.712
HARD,30,53.0,10.0,1268,9912,2,0.0,83.623,82.777
MEDIUM,30,20.0,1.0,1269,9904,1,6.0,109.664,106.258
MEDIUM,6,29.0,1.0,1269,9904,1,4.0,109.3,106.017
HARD,22,38.0,1.0,1269,9904,1,0.0,108.763,104.952
HARD,1,40.0,1.0,1269,9904,1,0.0,108.754,104.653
MEDIUM,1,51.0,41.0,1269,9904,2,4.0,104.556,103.388
HARD,30,51.0,21.0,1269,9904,2,1.0,104.899,104.531
MEDIUM,22,51.0,39.0,1269,9904,2,6.0,104.748,104.434
HARD,6,51.0,30.0,1269,9904,2,1.0,104.246,103.884
SOFT,22,13.0,1.0,1270,9896,1,0.0,105.142,98.949
SOFT,1,19.0,1.0,1270,9896,1,3.0,103.287,97.136
SOFT,6,20.0,1.0,1270,9896,1,2.0,104.812,98.093
MEDIUM,30,48.0,1.0,1270,9896,1,0.0,106.869,98.103
HARD,1,62.0,20.0,1270,9896,2,0.0,96.479,95.649
HARD,6,61.0,21.0,1270,9896,2,0.0,97.662,96.938
HARD,22,61.0,14.0,1270,9896,2,0.0,97.243,96.831
SOFT,30,61.0,49.0,1270,9896,2,0.0,95.641,95.641
HARD,6,28.0,1.0,1271,9888,1,0.0,101.674,101.031
MEDIUM,22,29.0,1.0,1271,9888,1,0.0,102.402,100.057
MEDIUM,30,30.0,1.0,1271,9888,1,0.0,101.587,100.789
MEDIUM,1,33.0,1.0,1271,9888,1,0.0,101.408,99.203
SOFT,1,56.0,34.0,1271,9888,2,2.0,98.26,97.991
SOFT,22,56.0,30.0,1271,9888,2,0.0,98.873,98.803
SOFT,30,56.0,31.0,1271,9888,2,0.0,99.567,98.983
SOFT,6,56.0,29.0,1271,9888,2,0.0,99.129,98.724
SOFT,30,2.0,1.0,1272,9877,1,0.0,91.076,91.076
HARD,30,5.0,3.0,1272,9877,2,0.0,93.491,85.124
MEDIUM,6,34.0,1.0,1272,9877,1,0.0,87.423,82.974
MEDIUM,22,36.0,1.0,1272,9877,1,0.0,87.065,82.832
MEDIUM,1,37.0,1.0,1272,9877,1,0.0,87.255,82.538
SOFT,6,70.0,35.0,1272,9877,2,3.0,103.978,81.714
SOFT,1,71.0,38.0,1272,9877,2,3.0,95.021,81.108
SOFT,22,71.0,37.0,1272,9877,2,0.0,81.899,81.486
HARD,22,2.0,1.0,1273,9869,1,0.0,119.58,85.88
HARD,1,7.0,1.0,1273,9869,1,0.0,107.461,78.495
SOFT,6,18.0,1.0,1273,9869,1,3.0,79.726,74.553
SOFT,30,19.0,1.0,1273,9869,1,3.0,79.832,74.318
MEDIUM,22,24.0,3.0,1273,9869,2,0.0,79.809,74.911
MEDIUM,1,34.0,8.0,1273,9869,2,0.0,79.344,73.049
MEDIUM,6,37.0,19.0,1273,9869,2,6.0,78.786,74.254
MEDIUM,30,71.0,20.0,1273,9869,2,0.0,77.103,74.029
MEDIUM,22,47.0,25.0,1273,9869,3,0.0,78.697,74.019
MEDIUM,1,54.0,35.0,1273,9869,3,0.0,77.514,73.307
MEDIUM,6,71.0,38.0,1273,9869,3,0.0,77.118,73.694
MEDIUM,22,71.0,48.0,1273,9869,4,0.0,74.414,72.774
SOFT,1,71.0,55.0,1273,9869,4,0.0,73.699,72.447
MEDIUM,6,20.0,1.0,1274,9858,1,0.0,102.417,97.012
MEDIUM,1,25.0,1.0,1274,9858,1,0.0,100.284,95.574
MEDIUM,22,1.0,1.0,1274,9858,1,0.0,118.106,118.106
MEDIUM,30,2.0,1.0,1274,9858,1,0.0,137.377,106.637
HARD,22,27.0,2.0,1274,9858,2,0.0,101.343,96.434
HARD,30,28.0,3.0,1274,9858,2,0.0,102.231,96.713
HARD,6,50.0,21.0,1274,9858,2,0.0,94.62,94.62
HARD,1,50.0,26.0,1274,9858,2,0.0,93.365,93.365
MEDIUM,22,50.0,28.0,1274,9858,3,0.0,95.176,94.967
HARD,30,49.0,29.0,1274,9858,3,0.0,94.902,94.837
MEDIUM,6,7.0,1.0,1275,9850,1,0.0,106.437,87.917
MEDIUM,1,7.0,1.0,1275,9850,1,0.0,102.211,86.843
MEDIUM,22,7.0,1.0,1275,9850,1,0.0,109.215,88.323
MEDIUM,30,7.0,1.0,1275,9850,1,0.0,109.397,88.006
MEDIUM,1,32.0,8.0,1275,9850,2,0.0,89.369,85.359
MEDIUM,6,32.0,8.0,1275,9850,2,0.0,90.549,86.425
MEDIUM,30,32.0,8.0,1275,9850,2,0.0,91.451,86.816
MEDIUM,22,32.0,8.0,1275,9850,2,0.0,91.141,86.974
HARD,1,57.0,33.0,1275,9850,3,0.0,84.968,83.498
HARD,6,55.0,33.0,1275,9850,3,0.0,158.927,84.317
HARD,22,57.0,33.0,1275,9850,3,0.0,84.139,84.139
HARD,30,57.0,33.0,1275,9850,3,0.0,84.055,83.971
MEDIUM,6,14.0,1.0,1276,9839,1,0.0,92.759,90.078
MEDIUM,1,23.0,1.0,1276,9839,1,0.0,91.365,89.117
MEDIUM,30,21.0,1.0,1276,9839,1,0.0,95.813,90.219
HARD,22,32.0,1.0,1276,9839,1,0.0,91.781,89.949
HARD,6,57.0,15.0,1276,9839,2,0.0,90.979,89.375
HARD,30,57.0,22.0,1276,9839,2,0.0,89.022,88.886
HARD,1,58.0,24.0,1276,9839,2,0.0,88.473,87.625
MEDIUM,22,58.0,33.0,1276,9839,2,0.0,89.566,88.557
MEDIUM,6,10.0,1.0,1277,9947,1,0.0,102.691,101.705
INTERMEDIATE,22,11.0,1.0,1277,9947,1,0.0,111.245,106.058
INTERMEDIATE,6,17.0,11.0,1277,9947,2,0.0,168.551,108.339
INTERMEDIATE,22,41.0,12.0,1277,9947,2,0.0,103.258,103.258
MEDIUM,22,51.0,42.0,1277,9947,3,0.0,91.565,90.873
